Classical Mythology,2002,Mark P. O. Morford
Clara Callan,2001,Richard Bruce Wright
Decision in Normandy,1991,Carlo D'Este
Flu: The Story of the Great Influenza Pandemic of 1918 and the Search for the Virus That Caused It,1999,Gina Bari Kolata
The Mummies of Urumchi,1999,E. J. W. Barber
The Kitchen God's Wife,1991,Amy Tan
What If?: The World's Foremost Military Historians Imagine What Might Have Been,2000,Robert Cowley
PLEADING GUILTY,1993,Scott Turow
Under the Black Flag: The Romance and the Reality of Life Among the Pirates,1996,David Cordingly
Where You'll Find Me: And Other Stories,2002,Ann Beattie
Nights Below Station Street,1988,David Adams Richards
Hitler's Secret Bankers: The Myth of Swiss Neutrality During the Holocaust,2000,Adam Lebor
The Middle Stories,2004,Sheila Heti
Jane Doe,1999,R. J. Kaiser
A Second Chicken Soup for the Woman's Soul (Chicken Soup for the Soul Series),1998,Jack Canfield
The Witchfinder (Amos Walker Mystery Series),1998,Loren D. Estleman
More Cunning Than Man: A Social History of Rats and Man,1999,Robert Hendrickson
Goodbye to the Buttermilk Sky,1994,Julia Oliver
The Testament,1999,John Grisham
Beloved (Plume Contemporary Fiction),1994,Toni Morrison
Our Dumb Century: The Onion Presents 100 Years of Headlines from America's Finest News Source,1999,The Onion
New Vegetarian: Bold and Beautiful Recipes for Every Occasion,2001,Celia Brooks Brown
If I'd Known Then What I Know Now: Why Not Learn from the Mistakes of Others? : You Can't Afford to Make Them All Yourself,2003,J. R. Parrish
"Mary-Kate &amp, Ashley Switching Goals (Mary-Kate and Ashley Starring in)",2000,"Mary-Kate &amp, Ashley Olsen"
Tell Me This Isn't Happening,1999,Robynn Clairday
Flood : Mississippi 1927,1998,Kathleen Duey
Wild Animus,2004,Rich Shapero
Airframe,1997,Michael Crichton
Timeline,2000,MICHAEL CRICHTON
OUT OF THE SILENT PLANET,1996,C.S. Lewis
Prague : A Novel,2003,ARTHUR PHILLIPS
Chocolate Jesus,1998,Stephan Jaramillo
Wie Barney es sieht.,2002,Mordecai Richler
Der Fluch der Kaiserin. Ein Richter- Di- Roman.,2001,Eleanor Cooney
Sturmzeit. Roman.,1991,Charlotte Link
Tage der Unschuld.,2000,Richard North Patterson
Lying Awake,2000,Mark Salzman
To Kill a Mockingbird,1988,Harper Lee
Seabiscuit: An American Legend,2002,LAURA HILLENBRAND
Pigs in Heaven,1993,Barbara Kingsolver
Miss Zukas and the Raven's Dance,1996,Jo Dereske
Pride and Prejudice,1983,Jane Austen
The Therapeutic Touch: How to Use Your Hands to Help or to Heal,1979,Dolores Krieger
Downtown,1995,Anne Rivers Siddons
Icebound,2000,Dean R. Koontz
I'll Be Seeing You,1994,Mary Higgins Clark
From the Corner of His Eye,2001,Dean Koontz
Isle of Dogs,2002,Patricia Cornwell
Purity in Death,2002,J.D. Robb
This Year It Will Be Different: And Other Stories,1997,Maeve Binchy
Proxies,1999,Laura J. Mixon
Left Behind: A Novel of the Earth's Last Days (Left Behind #1),2000,Tim Lahaye
The Street Lawyer,1999,JOHN GRISHAM
"Love, Medicine and Miracles",1988,M.D. Bernie S. Siegel
All the King's Men,1982,Robert Penn Warren
Pacific Northwest,1985,Hans Johannes Hoefer
A Soldier of the Great War,1992,Mark Helprin
Getting Well Again,1992,O. Carol Simonton Md
Northwest Wines and Wineries,1993,Chuck Hill
An Atmosphere of Eternity: Stories of India,2002,David Iglehart
LONESOME DOVE,1986,Larry McMurtry
Shabanu: Daughter of the Wind (Border Trilogy),1991,SUZANNE FISHER STAPLES
Haveli (Laurel Leaf Books),1995,SUZANNE FISHER STAPLES
Lieux dits,2002,Michel Tournier Rowdy
The Dragons of Eden: Speculations on the Evolution of Human Intelligence,1978,Carl Sagan
The yawning heights,1980,Aleksandr Zinoviev
Breathing Lessons,1994,Anne Tyler
The Joy Luck Club,1994,Amy Tan
Heart of Darkness (Wordsworth Collection),1998,Joseph Conrad
The Angel Is Near,2000,Deepak Chopra
Tess of the D'Urbervilles (Wordsworth Classics),1997,Thomas Hardy
The Adventures of Drew and Ellie: The Magical Dress,2003,Charles Noland
The Accidental Virgin,2003,Valerie Frankel
The Tao of Pooh,1983,Benjamin Hoff
Seabiscuit,2003,LAURA HILLENBRAND
The Prince,1952,Niccolo Machiavelli
Life's Little Instruction Book (Life's Little Instruction Books (Paperback)),1991,H. Jackson Brown
Starship Troopers,1987,Robert A. Heinlein
"The Ruby in the Smoke (Sally Lockhart Trilogy, Book 1)",1988,PHILIP PULLMAN
Black Beauty (Illustrated Classics),1995,Anna Sewell
Anil's Ghost,2000,MICHAEL ONDAATJE
Prescription for Terror,1999,Sandra Levy Ceren
Modern Manners: An Etiquette Book for Rude People,1990,P.J. O'Rourke
Turning Thirty,2000,Mike Gayle
Decipher,2002,Stel Pavlou
"My First Cousin Once Removed: Money, Madness, and the Family of Robert Lowell",1999,Sarah Payne Stuart
Standing Firm: A Vice-Presidential Memoir,1994,Dan Quayle
Team Bush : Leadership Lessons from the Bush White House,2003,Donald F. Kettl
The Right Man : The Surprise Presidency of George W. Bush,2003,DAVID FRUM
Daybreakers Louis Lamour Collection,1981,Louis Lamour
The Catcher in the Rye,1991,J.D. Salinger
El Senor De Los Anillos: LA Comunidad Del Anillo (Lord of the Rings (Spanish)),2001,J. R. R. Tolkien
El Senor De Los Anillos: Las DOS Torres (Lord of the Rings (Paperback)),2001,J. R. R. Tolkien
"El Senor De Los Anillos: El Retorno Del Rey (Tolkien, J. R. R. Lord of the Rings. 3.)",2001,J. R. R. Tolkien
Midnight in the Garden of Good and Evil: A Savannah Story,1994,John Berendt
Pretend You Don't See Her,1998,Mary Higgins Clark
Fast Women,2001,Jennifer Crusie
Female Intelligence,2001,Jane Heller
Pasquale's Nose: Idle Days in an Italian Town,2002,Michael Rips
The Gospel of Judas: A Novel,2002,Simon Mawer
"Prize Stories, 1987: The O'Henry Awards",1987,William Abrahams
"Rich Dad, Poor Dad: What the Rich Teach Their Kids About Money--That the Poor and Middle Class Do Not!",2000,Robert T. Kiyosaki
The Pillars of the Earth,1996,Ken Follett
McDonald's: Behind the Arches,1995,John F. Love
Creating Wealth : Retire in Ten Years Using Allen's Seven Principles of Wealth!,1986,Robert G. Allen
Corelli's Mandolin : A Novel,1995,LOUIS DE BERNIERES
"Love, Miracles, and Animal Healing : A heartwarming look at the spiritual bond between animals and humans",1996,Pam Proctor
The Five People You Meet in Heaven,2003,Mitch Albom
Tu Nombre Escrito En El Agua (La Sonrisa Vertical),2002,Irene Gonzalez Frei
Relics (Star Trek: The Next Generation),1992,Michael Jan Friedman
Bless The Beasts And Children : Bless The Beasts And Children,1995,Glendon Swarthout
"The Touch of Your Shadow, the Whisper of Your Name (Babylon 5, Book 5)",1996,Neal Barrett Jr.
Blood Oath,1994,David Morrell
The Alibi,2000,Sandra Brown
The Beach House,2003,James Patterson
A Kiss Remembered,2003,Sandra Brown
The Short Forever,2003,Stuart Woods
Dead Aim,2004,IRIS JOHANSEN
"Angels &amp, Demons",2001,Dan Brown
The Deal,2000,Joe Hutsko
All He Ever Wanted: A Novel,2004,Anita Shreve
"Every Breath You Take : A True Story of Obsession, Revenge, and Murder",2002,Ann Rule
"If I Ever Get Back to Georgia, I'm Gonna Nail My Feet to the Ground",1991,LEWIS GRIZZARD
The Mosquito Coast,1990,Paul Theroux
"If Love Were Oil, I'd Be About a Quart Low",1994,Lewis Grizzard
"Goodbye, My Little Ones: The True Story of a Murderous Mother and Five Innocent Victims",1996,Charles Hickey
The Girl Who Loved Tom Gordon,2000,Stephen King
Bringing Down the House: The Inside Story of Six M.I.T. Students Who Took Vegas for Millions,2003,Ben Mezrich
"The Oneprince (The Redaemian Chronicles, Book 1)",1992,Bill Hand
The Sum of All Fears,2002,Tom Clancy
Care Packages : Letters to Christopher Reeve from Strangers and Other Friends,1999,DANA REEVE
O Deus Das Pequenas Coisas,1998,Roy Boy
Lady in Green/Minor Indiscretions (Signet Regency Romance),2002,Barbara Metzger
One Hundred Years of Solitude,1998,Gabriel Garcia Marquez
Little Altars Everywhere: A Novel,1996,Rebecca Wells
Coyote Waits (Joe Leaphorn/Jim Chee Novels),1992,Tony Hillerman
Before I Say Good-Bye,2001,Mary Higgins Clark
Slow Waltz in Cedar Bend,1994,Robert James Waller
Twenty Minute Retreats: Revive Your Spirits in Just Minutes a Day (A Pan Self-discovery Title),2001,Rachel Harris
Atonement : A Novel,2003,IAN MCEWAN
Next: The Future Just Happened,2001,Michael Lewis
The Angelic Darkness,1999,Richard Zimler
The Soulbane Stratagem,2000,Norman Jetmundsen
Gangster,2002,Lorenzo Carcaterra
Hush,2002,Anne Frasier
"Whisper of Evil (Hooper, Kay. Evil Trilogy.)",2002,Kay Hooper
Temor y Temblor,2001,Soren Kierkegaard
Estudios sobre el amor,2001,Jose Ortega Y Gaset
Rebecca,1994,Daphne Du Maurier
Scarlet Letter,1993,Nathaniel Hawthorne
Keep It Simple: And Get More Out of Life,1999,Nick Page
Diary of a Mad Mom-To-Be,2003,Laura Wolf
Locked in Time (Laurel Leaf Books),1986,LOIS DUNCAN
Contact,2002,Susan Grant
The Brimstone Wedding,1997,Barbara Vine
The Catswold Portal,1993,Shirley Rousseau Murphy
Through Wolf's Eyes (Wolf),2002,Jane Lindskold
Puerto Vallarta Squeeze,1995,Robert James Waller
Tree Grows In Brooklyn,1988,Betty Smith
"Cybill Disobedience: How I Survived Beauty Pageants, Elvis, Sex, Bruce Willis, Lies, Marriage, Motherhood, Hollywood, and the Irrepressible Urge to Say What I Think",2001,Cybill Shepherd
Snow Angels,1995,Stewart O'Nan
Wish You Well,2000,David Baldacci
The Hitchhiker's Guide to the Galaxy,1982,Douglas Adams
Crow Lake (Today Show Book Club #7),2003,Mary Lawson
My Antonia,1995,Willa Cather
Pen Pals,2002,Olivia Goldsmith
Bridget Jones's Diary,1997,Helen Fielding
Pride and Prejudice (Dover Thrift Editions),1995,Jane Austen
EYE ON CRIME: HARDY BOYS #153,1998,Franklin W. Dixon
Skin And Bones,2000,Franklin W. Dixon
"LAW OF THE JUNGLE (HARDY BOYS CASE FILE 105) : LAW OF THE JUNGLE (Hardy Boys, The)",1995,Franklin W. Dixon
The Cat Who Came to Breakfast (Cat Who... (Hardcover)),1994,Lilian Jackson Braun
"If Singleness Is a Gift, What's the Return Policy?",2003,Holly Virden
Always Daddy's Girl: Understanding Your Father's Impact on Who You Are,1989,H. Norman Wright
Night Mare (Xanth Novels (Paperback)),1990,Piers Anthony
The Martian Chronicles,1984,RAY BRADBURY
Kabale Und Liebe,0,Schiller Carleton
Der illustrierte Mann. Erz�?¤hlungen.,2002,Ray Bradbury
Der K�?¶nig in Gelb.,1980,Raymond Chandler
Fahrenheit 451,1994,Ray Bradbury
Die Mars- Chroniken. Roman in Erz�?¤hlungen.,1981,Ray Bradbury
Das B�?¶se kommt auf leisen Sohlen.,2003,Ray Bradbury
L�?¶wenzahnwein. Roman.,1999,Ray Bradbury
Das Kind von morgen. Erz�?¤hlungen.,2000,Ray Bradbury
Die Mechanismen der Freude. Erz�?¤hlungen.,2000,Ray Bradbury
Familientreffen. Erz�?¤hlungen.,2000,Ray Bradbury
Der Tod kommt schnell in Mexico. Erz�?¤hlungen.,1988,Ray Bradbury
Veronika Deschliesst Zu Sterben / Vernika Decides to Die,2002,Paolo Coelho
Die Liebe in Den Zelten,0,Gabriel Garcia Marquez
Die Klone der Joanna May. Roman.,1993,Fay Weldon
Ist mein Hintern wirklich so dick? Tagebuch einer empfindsamen Frau.,1998,Arabella Weir
Haifischfrauen.,1996,Kiana Davenport
Die Cappuccino- Jahre. Aus dem Tagebuch des Adrian Mole.,2002,Sue Townsend
Schwarzer Tee mit drei Stück Zucker,1991,Renan Demirkan
Quersch�?¼sse - Downsize This!,2003,Michael Moore
Die Korrekturen.,2002,Jonathan Franzen
Neun Erz�?¤hlungen.,1968,Jerome D. Salinger
"Hebt den Dachbalken hoch, Zimmerleute / Seymour wird vorgestellt.",1998,Jerome D. Salinger
"Ulysses (�?�?bersetzg. Wollschl�?¤ger). ( Neue Folge, 100).",1981,James Joyce
Eine ganz normale Aff�?¤re.,2002,Joanna Trollope
"Das Intimleben des Adrian Mole, 13 3/4 Jahre. cbt. ( Ab 14 J.).",2002,Sue Townsend
Das Buch der l�?¤cherlichen Liebe.,2000,Milan Kundera
The God of Small Things,1998,Arundhati Roy
"The James Dean Affair: A Neil Gulliver &amp, Stevie Marriner Novel",2000,Robert S. Levinson
The Big Bad Wolf: A Novel,2003,James Patterson
Four Blind Mice,2002,James Patterson
Private Screening,1994,Richard North Patterson
Congo,1995,Michael Crichton
Protect and Defend,2001,Richard North Patterson
The Tall Pine Polka,1999,Lorna Landvik
Memoirs of a Geisha,1997,Arthur Golden
Plainsong (Vintage Contemporaries),2000,KENT HARUF
Body of Evidence (Kay Scarpetta Mysteries (Paperback)),1992,Patricia D. Cornwell
All That Remains (Kay Scarpetta Mysteries (Paperback)),1993,Patricia D. Cornwell
The Case of the Lost Look-Alike (An Avon Camelot Book),1988,Carol J. Farley
Petals on the River,1997,Kathleen E. Woodiwiss
The Elusive Flame,1999,Kathleen E. Woodiwiss
Legacy of Silence,1998,Belva Plain
The Brethren,2000,JOHN GRISHAM
The King of Torts,2003,John Grisham
The Curious Incident of the Dog in the Night-Time : A Novel,2003,MARK HADDON
Bleachers,2003,John Grisham
Sisterhood of the Traveling Pants,2003,ANN BRASHARES
Only Love (Magical Love),1998,Erich Segal
All or Nothing (Wheeler Large Print Books),2000,Elizabeth Adler
Roses Are Red (Alex Cross Novels),2001,James Patterson
The Rescue,2001,Nicholas Sparks
Manhattan Hunt Club,2002,JOHN SAUL
Patty Jane's House of Curl (Ballantine Reader's Circle),1996,LORNA LANDVIK
Pet Sematary,1994,Stephen King
Silent Snow,2000,Steve Thayer
Girl with a Pearl Earring,2001,Tracy Chevalier
Summer of Storms,2002,Judith Kelman
The Patient,2001,Michael Palmer
"Demona's Revenge (Gargoyles, No. 2)",1995,Francine Hughes
Clifford's Sports Day,1996,Norman Bridwell
Postmortem (Kay Scarpetta Mysteries (Paperback)),1998,Patricia Cornwell
Deception Point,2002,Dan Brown
Tis : A Memoir,1999,Frank McCourt
"Angels &amp, Demons",2003,Dan Brown
A Monk Swimming,1998,Malachy McCourt
Crazy Horse,1961,Mari Sandoz
The Silent Cry (William Monk Novels (Paperback)),1998,Anne Perry
The Kalahari Typing School for Men (No. 1 Ladies' Detective Agency),2004,ALEXANDER MCCALL SMITH
Chicken Soup for the Soul (Chicken Soup for the Soul),1993,Jack Canfield
Wicked: The Life and Times of the Wicked Witch of the West,1996,Gregory Maguire
Life of Pi,2002,Yann Martel
A Judgement in Stone,2000,Ruth Rendell
Lies and the Lying Liars Who Tell Them: A Fair and Balanced Look at the Right,2003,Al Franken
Secret History,1993,DONNA TARTT
Chicken Soup for the Woman's Soul (Chicken Soup for the Soul Series (Paper)),1996,Jack Canfield
Great Expectations (Heinemann Guided Readers),1995,John Milne
The Weight of Water,2001,Anita Shreve
Moving Pictures (Discworld Novels (Paperback)),2002,Terry Pratchett
Night Watch,2002,Terry Pratchett
Thief of Time,2001,Terry Pratchett
Charlotte's Web Book and Charm (Charming Classics),2003,E. B. White
Peter Pan: The Original Story (Peter Pan),2003,J. M. Barrie
My Friend Flicka,1988,Mary O'Hara
The Last Hero : A Discworld Fable (Discworld Novels (Hardcover)),2001,Terry Pratchett
Jingo: A Discworld Novel (Discworld Series/Terry Pratchett),1998,Terry Pratchett
"Maskerade: A Novel of Discworld (Pratchett, Terry. Discworld Series (New York, N.Y.).)",1997,Terry Pratchett
Interesting Times: A Novel of Discworld,1997,Terry Pratchett
"On the Bright Side, I'm Now the Girlfriend of a Sex God: Further Confessions of Georgia Nicolson",2002,Louise Rennison
Mansfield Park (Penguin Popular Classics),1994,Jane Austen
The Wind in the Willows,1996,Kenneth Grahame
The Winter King: A Novel of Arthur (The Warlord Chronicles: I),1997,Bernard Cornwell
Moonheart (Newford),1994,Charles de Lint
The King of Elfland's Daughter (Del Rey Impact),1999,Edward John Moreton Drax Plunkett Dunsany
Powder and Patch,2004,Georgette Heyer
The Picture of Dorian Gray (Modern Library (Paperback)),1998,OSCAR WILDE
The Iron Giant,1999,Ted Hughes
James and the Giant Peach,2002,ROALD DAHL
"The Amber Spyglass (His Dark Materials, Book 3)",2002,PHILIP PULLMAN
"The Golden Compass (His Dark Materials, Book 1)",2002,PHILIP PULLMAN
"The Subtle Knife (His Dark Materials, Book 2)",2002,PHILIP PULLMAN
"The Adrian Mole Diaries : The Secret Diary of Adrian Mole, Aged 13 3/4 : The Growing Pains of Adrian Mole",1997,Sue Townsend
Martian Chronicles,1997,Ray Bradbury
The Great God Pan,2003,Donna Jo Napoli
Possession: A Romance,1990,A. S. Byatt
Born Confused,2003,Tanuja Desai Hidier
Confessions of a Shopaholic,2003,SOPHIE KINSELLA
Making Minty Malone,2000,Isabel Wolff
Little Women (Signet Classic),1988,Louisa May Alcott
Emma (Signet Classics (Paperback)),1996,Jane Austen
Animal Farm,2004,George Orwell
Great Expectations (Dover Thrift Editions),2001,Charles Dickens
Eva Luna,1989,Isabel Allende
Poisonwood Bible Edition Uk,0,Barbara Kingsolver
The Green Man : Tales from the Mythic Forest,2002,Ellen Datlow
Nicholas Nickleby (Everyman's Library),1993,Charles Dickens
"Angels &amp, Insects : Two Novellas",1994,A.S. BYATT
Catch 22,1996,Joseph Heller
The Forsyte Saga : The Man of Property and In Chancery,2002,John Galsworthy
The Enchanted Wood,2002,Enid Blyton
The Folk of the Faraway Tree,2002,Enid Blyton
Angels and Visitations: A Miscellany,1993,Neil Gaiman
"League of Extraordinary Gentlemen, Vol. 2 (Comic)",2003,Alan Moore
"Preludes and Nocturnes (Sandman, Book 1)",1998,Neil Gaiman
"The League of Extraordinary Gentlemen, Vol. 1",2002,Alan Moore
Harlequin Valentine,2002,Neil Gaiman
Alpha Teach Yourself American Sign Language in 24 Hours (Alpha Teach Yourself in 24 Hours),2003,Trudy Suggs
A Man in Full,1998,Tom Wolfe
The Miracle Life of Edgar Mint: A Novel,2002,Brady Udall
October Sky: A Memoir,1999,Homer Hickam
A Painted House,2001,John Grisham
The Romance Reader,1996,Pearl Abraham
Far from the Madding Crowd (Wordsworth Classics),1997,Thomas Hardy
The Perfect Storm : A True Story of Men Against the Sea,1999,Sebastian Junger
The Battle for God,2001,Karen Armstrong
Sappho: A New Translation,1958,Mary Barnard
The Postman (Bantam Classics),1990,David Brin
The Tortilla Curtain,1995,T. Coraghessan Boyle
Symposium,1989,Paul Woodruff
The What's Happening to My Body? Book for Boys: A Growing Up Guide for Parents and Sons,1987,Lynda Madaras
OBJECT AFFECTION,1988,Stephen McCauley
The Journey Home,1993,Isabelle Holland
Taking the Ferry Home,1990,Pam Conrad
Angel of Hope (Mercy Trilogy),2000,Lurlene McDaniel
The Breach,2002,Brian Kaufman
Neanderthal: A Novel,1997,John Darnton
A Small Dark Place,1999,Martin Schenk
The Rivan Codex : Ancient Texts of THE BELGARIAD and THE MALLOREON,1999,DAVID EDDINGS
Babyhood,1998,Paul Reiser
Year's Best Fantasy (Year's Best Fantasy),2001,David G. Hartwell
Dave Barry in Cyberspace,1997,Dave Barry
Wolf Moon,1997,John R. Holt
The War in Heaven (Eternal Warriors),2000,Theodore Beale
Waiting,2000,Frank M. Robinson
Nowhere To Run,2004,Mary Jane Clark
Frankenstein (Dover Thrift Editions),1994,Mary Wollstonecraft Shelley
El gust amarg de la cervesa (Collecció Clàssica),1999,Isabel-Clara Simó
Urn Burial,1987,Robert Westall
All Our Yesterdays (Large Print),1994,Robert B. Parker
What Shall I Be (Barbie Carryalong),1999,Rita Chapman Works
ALL THAT REMAINS,1992,Patricia Cornwell
Last Chance to See,1992,Douglas Adams
Vinegar Hill (Oprah's Book Club (Paperback)),1998,A. Manette Ansay
Affinity,2002,Sarah Waters
Diario de Ana Frank,2000,Anne Frank
Desert Notes/River Notes,1990,Barry Lopez
"The Best Democracy Money Can Buy: The Truth About Corporate Cons, Globalization and High-Finance Fraudsters",2003,Greg Palast
The Hunt for Red October,1990,Tom Clancy
The Music Box,1998,Andrea Kane
Liberty Falling (Anna Pigeon Mysteries (Paperback)),2000,Nevada Barr
El Palacio de La Luna,1996,Paul Auster
Mientras Escribo,2002,Stephen King
Killer Market (Deborah Knott Mysteries (Paperback)),1999,Margaret Maron
Remembering Peter Gzowski : A Book of Tributes,2002,EDNA BARKER
The Best Canadian Animal Stories: Classic Tales by Master Storytellers,1997,Muriel Whitaker
Trying to Save Piggy Sneed,1996,John Irving
"Herr Der Fliegen (Fiction, Poetry and Drama)",0,Golding My Man
Seattle Access,1993,Harper Reference
REAL GUIDE: CALIFORNIA AND THE WEST COAST (The Real guides),1993,LTD Plate
Bel Canto,2001,Ann Patchett
James and the Giant Peach,2000,Roald Dahl
The Secret Life of Bees,2003,Sue Monk Kidd
What a Wonderful World: A Lifetime of Recordings,1995,Bob Thiele
Digital Fortress : A Thriller,2003,Dan Brown
The Ladies of Missalonghi,1988,Colleen McCullough
Blackberry Wine : A Novel,2001,Joanne Harris
The Firm,1991,John Grisham
How the Irish Saved Civilization: The Untold Story of Ireland's Heroic Role from the Fall of Rome to the Rise of Medieval Europe (Hinges of History),1996,Thomas Cahill
The Client,1993,John Grisham
Thieves of Light (Photon : the Ultimate Game on Planet Earth),1987,Michael Hudson
Horse Heaven (Ballantine Reader's Circle),2001,Jane Smiley
Danger,1985,Dick Francis
Proof,1990,Dick Francis
Heart of the Sea (Irish Trilogy),2000,Nora Roberts
Mostly Harmless,1992,Douglas Adams
I Spy: A Book of Picture Riddles,1992,Jean Marzollo
I Spy Spooky Night: A Book of Picture Riddles (I Spy Books),1996,Walter Wick
Lake News,2000,Barbara Delinsky
The SKULL BENEATH THE SKIN,1982,P. D. James
NEW SHOE,1983,Arthur William Upfield
An Accidental Woman,2003,Barbara Delinsky
The Snow Garden,2004,Christopher Rice
The Doorbell Rang (The Best Mysteries of All Time),2000,Rex Stout
A Year by the Sea: Thoughts of an Unfinished Woman,2000,Joan Anderson
Though I walk through the valley,1974,Vance Havner
Victorious Christians You Should Know,1984,Warren W. Wiersbe
Life Lessons: Book Of Hebrews,1997,Max Lucado
Inside out,1988,Lawrence J Crabb
Son Rise: The Miracle Continues,1994,Barry Neil Kaufman
Unveiled at Last,1988,Bob Sjogren
The Day I Almost Quit,1997,Frederick J. Moody
"Serving As Senders: How to Care for Your Missionaries While They Are Preparing to Go, While They Are on the Field, When They Return Home",1991,Neal Pirolo
House of Stairs,1991,William Sleator
The Little Prince,1968,Antoine de Saint-Exupéry
Jonathan Livingston Seagull,1976,Richard Bach
The Crystal Handbook,1996,Kevin Sullivan
Simple Wicca (Simple Wisdom Book),2002,Michele Morgan
"The Complete Book of Incense, Oils &amp, Brews (Llewellyn's Practical Magick)",1989,"Scott, Cunningham"
"The Western Mysteries: An Encyclopedic Guide to the Sacred Languages &amp, Magickal Systems of the World : The Key of It All, Book II (Key of It All)",2000,David Allen Hulse
Astral Travel for Beginners (For Beginners),1998,Richard Webster
New Perspectives: Runes,2000,Bernard King
Rosie'S Walk,1971,Pat Hutchins
Julius Caesar (Oxford School Shakespeare),2001,William Shakespeare
"Santa Brought A Son : Marrying The Boss's Daughter (Silhouette Romance, 1698)",2003,Melissa McClone
"Marry Me ... Again   Montana Mavericks (Silhouette Special Edition, 1558)",2003,Cheryl St. John
Alice's Adventures in Wonderland and Through the Looking Glass,2000,Lewis Carroll
Moonlight Becomes You,1997,Mary Higgins Clark
The Adventures of Tom Sawyer,1989,Mark Twain
Divine Secrets of the Ya-Ya Sisterhood : A Novel,1996,Rebecca Wells
Lakota Woman,1991,Dog Mary Crow
The Perfect Storm : A True Story of Men Against the Sea,1998,Sebastian Junger
"Heroes of Their Own Lives: The Politics and History of Family Violence, Boston 1880-1960",1989,Linda Gordon
The Florence King Reader,1996,Florence King
The Lovely Bones: A Novel,2002,Alice Sebold
Impossible Vacation,1992,Spalding Gray
Hannibal,2000,Thomas Harris
London : The Novel,1998,EDWARD RUTHERFURD
Life Before Man,1990,Margaret Atwood
Cavedweller,1999,Dorothy Allison
The Robber Bride,1995,Margaret Atwood
Wouldn't Take Nothing for My Journey Now,1993,MAYA ANGELOU
The House of Mirth (Library of America),1990,Edith Wharton
Ohitika Woman,1993,Mary Brave Bird
Black Elk Speaks: Being the Life Story of a Holy Man of the Oglala Sioux,1988,John G. Neihardt
The Community in America,1987,Roland Warren
"The Best in Tent Camping: Smoky Mountains : A Guide for Campers Who Hate Rvs, Concrete Slabs, and Loud Portable Stereos (Best in Tent Camping Colorado)",1997,Johnny Molloy
Mawrdew Czgowchwz (New York Review Books Classics),2002,James McCourt
Prozac Nation: Young and Depressed in America : A Memoir,1997,Elizabeth Wurtzel
The Journey From Here,2000,Bill Bradley
The Four Agreements: A Practical Guide to Personal Freedom,1997,Don Miguel Ruiz
El desarrollo de Leonardo da Vinci (Biografías y memorias),1986,Luis Racionero
Gastronomia divina (L'áncora),1994,Eugeni Perea Simón
Desaparecido: LA Autentica Historia De LA Ejecucion De Charles Horman,1982,Thomas Hauser
Hotel Europa (El Balancí),1992,Vicenç Villatoro
La dona dels ulls de pluja: Barcelona anys 90 (El Balancí),1993,Víctor Mora
El paraíso (Tiempos modernos),1991,Elena Castedo
Negra i consentida (Col¨lecció El Mirall),1983,Ofèlia Dracs
Essa efa (Col¨lecció El Mirall i el temps),1985,Ofèlia Dracs
Espurnes de sang (La Negra),1987,Antoni Serra
Les llengües d'Africa (Biblioteca universal Empúries),1986,M. Carme Junyent
Trànsit (Area contemporània),1987,Jaume Capó
L'home del sac,1990,Màrius Serra
Gràcies per la propina (Columna),1995,Ferran Torrent
El dia que es va cremar el Liceu (La primera Columna),1995,Joan Agut
Cómo ser una mujer y no morir en el intento (Colección El Papagayo),1990,Carmen Rico-Godoy
Una casa en Irlanda,1999,Maeve Binchy
La mirada del tafur (Col¨lecció clàssica),1997,Ferran Torrent
Amorrada al piló (Columna),1986,Maria Jaén
Blur (Melody Maker),1995,Paul Lester
War and Peace (Wordsworth Classics),1997,Leo Tolstoy
A-Z of Behaving Badly,1996,Simon Nye
He Understanding Masculine Psychology,1977,Robert A Johnson
Las DOS Muertes De Gardel (Ficcionario),2002,Horacio Vazquez-Rial
You Can Surf the Net: Your Guide to the World of the Internet,1996,Marc Gascoigne
I Want to Be...a Veterinarian (I Want to Be... Series),1997,Stephanie Maze
Alice's Tulips,2001,Sandra Dallas
Centaur Aisle,1982,Piers Anthony
Crewel Lye,1985,Piers Anthony
Dragonflight (Dragonriders of Pern Trilogy (Paperback)),1991,Anne McCaffrey
Last Sword of Power (Stones of Power),1997,David Gemmell
Dating Big Bird,2000,Laura Zigman
The Firm,1992,John Grisham
Murder at the Kennedy Center (Capital Crime Mysteries),1990,Margaret Truman
"Guinness World Records 2000 (Guinness Book of Records, 2000)",2000,Nic Kynaston
Forever Amber Brown (Amber Brown (Paperback)),1997,Paula Danziger
Philip Jose Farmer's The Dungeon,2003,Richard A. Lupoff
Pool of Radiance: The Ruins of Myth Drannor (Forgotten Realms),2001,Carrie Bebris
"Feminism and Suffrage: The Emergence of an Independent Women's Movement in America, 1848-1869",1980,Ellen Carol Dubois
Why Are Boys So Weird (Tales from Third Grade),1993,Candice F. Ransom
"Sheldon &amp, Mrs. Levine: An Excruciating Correspondence",1994,Sam Bobrick
Black Beauty (Great Illustrated Classics (Playmore)),2000,Anna Sewell
Oliver Twist (Great Illustrated Classics),1989,Charles Dickens
The wild ponies of Assateague Island (Books for young explorers),1975,Donna K Grosvenor
Frankenstein (Illustrated Classics Series),1992,Mary Wollstonecraft Shelley
The Scarlet Letter,1965,NATHANIEL HAWTHORNE
Dragonsong (Harper Hall Trilogy),1977,Anne McCaffrey
The Watch House,1998,Robert Westall
Was It Something I Said?,1998,Valerie Block
Cloud Nine,2000,Luanne Rice
The Lovely Bones,2004,Alice Sebold
The Tortilla Curtain,1996,T. Coraghessan Boyle
Sarah Conley,1998,Ellen Gilchrist
A Widow for One Year,1999,JOHN IRVING
The Clearing,2003,TIM GAUTREAUX
Empire Falls,2002,Richard Russo
Oryx and Crake,2003,Margaret Atwood
Sophie's World: A Novel About the History of Philosophy (Berkeley Signature Edition),1997,Jostein Gaarder
Black and Blue,1999,ANNA QUINDLEN
Le Divorce (William Abrahams Book),1997,Diane Johnson
The Face,2003,DEAN KOONTZ
She's Come Undone (Oprah's Book Club),1998,Wally Lamb
Falling Leaves: The True Story of an Unwanted Chinese Daughter,1999,Adeline Yen Mah
Nickel and Dimed: On (Not) Getting By in America,2002,Barbara Ehrenreich
"The Game of Kings (Lymond Chronicles, 1)",1997,DOROTHY DUNNETT
"RUSSIA HOUSE, THE",1990,JOHN LE CARRE
Solv-A-Crime Puzzles (Dover Game and Puzzle Activity Books),1995,A. C. Gordon
The First Wives Club Movie Tie In,1996,Olivia Goldsmith
Selected Poems of Emily Dickinson,1995,Emily Dickinson
Watercolor School (Reader's Digest Learn-As-You-Go Guides),1993,Hazel Harrison
Joshua In the Holy Land,1993,Joseph Girzone
The Messenger,2002,JOSEPH GIRZONE
Sisters of the Earth: Women's Prose and Poetry About Nature,1991,Lorraine Anderson
Left Behind: A Novel of the Earth's Last Days (Left Behind No. 1),1996,Tim Lahaye
Househusband,2002,AD HUDLER
Life Messages: Inspiration For The Woman's Spirit,2002,Josephine Carlton
Letters from a Nut,1999,Ted L. Nancy
Karl Marx: A Life,2001,Francis Wheen
The Shining,2001,Stephen King
The Diary of Ellen Rimbauer: My Life at Rose Red,2001,Joyce Reardon
The Sky Is Falling,2001,Sidney Sheldon
Santa Pete : A Novel Of Christmas Present And Past,1998,Christopher Moore
Mount Vernon Love Story : A Novel of George and Martha Washington,2002,Mary Higgins Clark
The Kingdom: Arabia and the House of Sa'Ud,1983,Robert Lacey
Florida Road Kill: A Novel,2000,Tim Dorsey
The 37th Hour,2003,JODI COMPTON
Be Cool,2000,Elmore Leonard
The Hunted,1986,Elmore Leonard
The Saints of Big Harbour: A Novel,2002,Lynn Coady
Old Flames,2003,John Lawton
From the Earth: Chinese Vegetarian Cooking,1995,Eileen Yin-Fei Lo
Living in the Presence: Disciplines for the Spiritual Heart,1988,Tilden H. Edwards
The Bean Trees,1989,Barbara Kingsolver
Homeland and Other Stories,1990,Barbara Kingsolver
"A Suitable Boy : Novel, A",1994,Vikram Seth
Daughter of Fortune,2000,Isabel Allende
The Fly on the Wall,1990,Tony Hillerman
Cranford (The World's Classics),1982,Elizabeth Gaskell
The Red Tent (Bestselling Backlist),1998,Anita Diamant
The Right Hand of Amon,1997,Lauren Haney
Last Blue: Poems,2000,Gerald Stern
The Cat Who Wasn't There,1992,Lilian Jackson Braun
Isle of Dogs,2001,Patricia Daniels Cornwell
Light a Penny Candle,2001,Maeve Binchy
The Blue Last: A Richard Jury Mystery (Richard Jury Mysteries (Paperback)),2002,Martha Grimes
Turn of the Screw and Short N,1978,Henry James
The Country of the Pointed Firs (Dover Thrift Editions),1994,Sarah Orne Jewett
Early Poems (Dover Thrift Editions),1997,William Carlos Williams
Barchester Towers (Oxford Pocket Classics),1986,Anthony Trollope
REEF,1996,Edith Wharton
Wednesday the Rabbi Got Wet,2003,Harry Kemelman
Things My Girlfriend and I Have Argued About: A Novel,2003,Mil Millington
Listening Hearts: Discerning Call in Community,1991,Suzanne G. Farnham
Unattainable Earth,1987,Czeslaw Milosz
"The Practice of Prayer (New Church's Teaching Series, Vol 4)",1998,Margaret Guenther
Vertical Poetry: Recent Poems,1992,Roberto Juarroz
Rubinstein's Chess Masterpieces,1941,Akiba Rubinstein
The Nanny Diaries: A Novel,2002,Emma McLaughlin
Biblioteca Universale Rizzoli: Sulla Sponda Del Fiume Piedra,0,P Coelho
I Giorni Dell'abbandono,2002,Elena Ferrante
The Gizmo,1995,Paul Jennings
The Last Best Hope of Earth: Abraham Lincoln and the Promise of America,1993,"Mark E., Jr. Neely"
Organic Chemistry (Saunders Golden Sunburst Series),1994,Stephen J. Weininger
Secrets of St. John's Wort: A Lynn Sonberg Book,1998,Larry Katzenstein
Diet for a Poisoned Planet: How to Choose Safe Foods for You and Your Family,1992,David Steinman
"Punished by Rewards: The Trouble With Gold Stars, Incentive Plans, A'S, Praise, and Other Bribes",1995,Alfie Kohn
Montessori Today: A Comprehensive Approach to Education from Birth to Adulthood,1996,Paula Polk Lillard
Oil Painting Techniques (Artist's Painting Library),1983,David Lewis
Going down swinging,1999,Billie Livingston
Confessions of a Sociopathic Social Climber : The Katya Livingston Chronicles (Katya Livingston Chronicles (Hardcover)),2002,Adele Lang
Like a Hole in the Head,1998,Jen Banbury
Postmortem,1993,Patricia Daniels Cornwell
The Cove,1996,Catherine Coulter
An Inconvenient Woman,1991,Dominick Dunne
Shock Wave (Dirk Pitt Adventures (Paperback)),1996,Clive Cussler
While My Pretty One Sleeps,1990,Mary Higgins Clark
Antipodes 10,1995,John Pascal
Kick Ass: Selected Columns of Carl Hiaasen,2001,Carl Hiaasen
Everything Is Illuminated: A Novel,2002,Jonathan Safran Foer
Life of Pi,2003,Yann Martel
Rules of the Wild,1998,Francesca Marciano
Three Junes,2003,JULIA GLASS
Back Roads,2001,Tawni O'Dell
In Her Shoes : A Novel,2002,Jennifer Weiner
The Kiss,2001,Danielle Steel
Home Spun: A Collection,1997,Leon Hale
Sweet Hereafter Movie Tie-In : A Novel,1992,Russell Banks
The Rime of the Ancient Mariner and Other Poems,1992,Samuel Taylor Coleridge
11th Hour,2003,Bradley Warshauer
In Country RI,1986,Bobbie Ann Mason
Brazen Virtue,1996,Nora Roberts
Ghost Moon,2001,Karen Robards
Brewing Up a Storm: A John Thatcher Mystery,1996,Emma Lathen
Strangers,2002,Dean R. Koontz
Milk and Honey (Peter Decker/Rina Lazarus Novels),2002,Faye Kellerman
The Deep End of the Ocean (Oprah's Book Club),1999,Jacquelyn Mitchard
Night Tales,2000,Nora Roberts
A Thousand Acres (Ballantine Reader's Circle),1992,JANE SMILEY
Chopping Spree,2002,DIANE MOTT DAVIDSON
Four Blondes,2001,Candace Bushnell
River's End,2003,Nora Roberts
Summer Island,2002,KRISTIN HANNAH
The Straw Men,2002,Michael Marshall
The Doctor the Patient: The Personal Journey of a Physician With Cancer,1989,Allen Widome
The Street Lawyer,1998,John Grisham
The Chamber,1994,John Grisham
Warlock : A Novel of Ancient Egypt,2002,Wilbur Smith
The Teacher from the Black Lagoon,1989,Mike Thaler
The Partner,1997,John Grisham
Primal Scream,1998,Michael Slade
Chosen Prey,2004,John Sandford
Guilty as Sin,1997,TAMI HOAG
Night Sins,1995,TAMI HOAG
The Second Time Around : A Novel,2004,Mary Higgins Clark
Three,2003,Ted Dekker
The Canopy,2003,Angela Elwell Hunt
Blink,2003,Ted Dekker
Last Battle,1988,C. S. Lewis
Prince Caspian,1970,C. S. Lewis
Robert's Rules of Order,1986,William Eisner
Abduction,2000,Robin Cook
And Never Let Her Go : Thomas Capano: The Deadly Seducer,2000,Ann Rule
Not a Day Goes By : A Novel,2001,E. LYNN HARRIS
Sun Signs,1981,Linda Goodman
"The Vampire Lestat (Vampire Chronicles, Book II)",1986,ANNE RICE
The Mummy or Ramses the Damned,1991,Anne Rice
HIS LITTLE WOMEN : HIS LITTLE WOMEN,1991,Judith Rossner
Her Mother's Daughter,1990,Marilyn French
Your Erroneous Zones,1976,Wayne W. Dyer
The Night Listener,2000,Armistead Maupin
Organizing from the Inside Out,1998,Julie Morgenstern
The Hellfire Club,1996,Peter Straub
"The Diary of Jack the Ripper/the Discovery, the Investigation, the Debate",1993,Jack Addition
Vanished,1993,Danielle Steel
The Women in His Life (G K Hall Large Print Book Series),1991,Barbara Taylor Bradford
The Morning After,2004,Lisa Jackson
Missing Susan,1992,SHARYN MCCRUMB
Hiding in the Shadows (Shadows Trilogy (Paperback)),2000,Kay Hooper
Kitchen Privileges : A Memoir,2002,Mary Higgins Clark
We Are Our Mothers' Daughters,2000,Cokie Roberts
Horus's Horrible Day (First Graders from Mars),2001,Shana Corey
My Garden (Beginning Literacy),1994,Jesse S. Ostrow
101 Dalmatians,1996,Justine Korman
In the Dinosaur's Paw (Kids of the Polk Street School),1987,PATRICIA REILLY GIFF
Ralph S. Mouse,2000,Beverly Cleary
"The First Journey (Animorphs. Alternamorphs, 1)",1999,K. A. Applegate
How Do Dinosaurs Learn to Read,2003,Jane Yolen
My First Book about Space (Golden Look-Look Books (Paperback)),1997,Dinah L. Moche
You Be the Jury #02,1989,Marvin Miller
Comic Characters,1983,Craig Boldman
The Time Machine (Troll Illustrated Classics),1992,H. G. Wells
I Like School (in My World Series),1985,Bobbie Kalman
Sacred Ground,1995,Mercedes Lackey
Burning Water (Burning Water),1992,Mercedes Lackey
The Tightrope Walker,1997,Dorothy Gilman
MoveOn's 50 Ways to Love Your Country: How to Find Your Political Voice and Become a Catalyst for Change,2004,Moveon Bloom
Children of the Night,1990,Mercedes Lackey
Rainbow the Stormy Life of Judy Garland,0,Christopher Finch
Cold Mountain (MTI) (Vintage Contemporaries),2003,CHARLES FRAZIER
A Fountain Filled With Blood (A Rev. Clare Ferguson Mystery),2004,Julia Spencer-Fleming
Out of the Deep I Cry : A Clare Fergusson/Russ Van Alstyne Mystery,2004,Julia Spencer-Fleming
Daisy Fay and the Miracle Man,1992,Fannie Flagg
Little House On the Prairie,0,Laura Ingall Wilder
Angela's Ashes: A Memoir,1999,Frank McCourt
The Next Accident,2002,LISA GARDNER
Socks (Cleary Reissue),1990,Beverly Cleary
"The Pet Shop Mystery (Boxcar Children Special (Paper), No 7)",1996,Gertrude Chandler Warner
In the Bleak Midwinter (A Rev. Clare Ferguson Mystery),2003,Julia Spencer-Fleming
"The Amber Spyglass (His Dark Materials, Book 3)",2001,PHILIP PULLMAN
"The Subtle Knife (His Dark Materials, Book 2)",1998,PHILIP PULLMAN
"The Golden Compass (His Dark Materials, Book 1)",1998,PHILIP PULLMAN
Eyeshot,1997,Lynn S. Hightower
"If Ever I Return, Pretty Peggy-O",1991,Sharyn McCrumb
The Rosewood Casket,1997,Sharyn McCrumb
The Amazing Mrs. Pollifax,1992,Dorothy Gilman
Fast Food Nation: The Dark Side of the All-American Meal,2002,Eric Schlosser
The Unsung Hero,2000,Suzanne Brockmann
"Two Princesses of Bamarre, The",2004,Gail Carson Levine
Ella Enchanted (rack),2004,Gail Carson Levine
Passing for Thin : Losing Half My Weight and Finding My Self,2004,FRANCES KUFFEL
Bloodlines (Dog Lover's Mysteries),1994,Susan Conant
Kissing in Manhattan,2002,DAVID SCHICKLER
Echoes,1989,Maeve Binchy
Someone to Watch Over Me : A Novel,2003,Judith McNaught
The Toynbee Convector,1989,Ray Bradbury
One for the Money (Stephanie Plum Novels (Paperback)),1995,Janet Evanovich
The Bell Jar : A Novel (Perennial Classics),2000,Sylvia Plath
A polar bear called Pingo,1974,Ilona Koidahl
Dark Lady,1999,Richard North Patterson
The Future Scrolls,2003,Fern Michaels
About Face,2003,Fern Michaels
Tarot Says Beware (A Herculeah Jones Mystery),1995,Betsy Byars
Globalhead,1994,Bruce Sterling
Along Came a Spider (Alex Cross Novels),1993,James Patterson
Simple Abundance:  A Daybook of Comfort and Joy,1995,Sarah Ban Breathnach
The River King,2001,Alice Hoffman
Final Appeal,1994,Lisa Scottoline
Who Moved My Cheese? An Amazing Way to Deal with Change in Your Work and in Your Life,1998,Spencer Johnson
Atonement,2002,Ian McEwan
Why Do Clocks Run Clockwise? and Other Imponderables: Mysteries of Everyday Life Explained,1987,David Feldman
Someone to Watch Over Me : Stories,2000,Richard Bausch
Stately Pursuits,1999,Katie Fforde
The Pinball Effect: How Renaissance Water Gardens Made the Carburetor Possible-And Other Journeys Through Knowledge (Pinball Effect),1996,James Burke
"My Father, Dancing (Harvest Book)",2000,Bliss Broyard
Women on the Case,1996,Sara Paretsky
New Cardiff,2002,Charles Webb
Almost: A Novel,2002,Elizabeth Benedict
"A Tally of Types: With Additions by Several Hands , And With a New Introduction by Mike Parker",1999,Stanley Morison
Stand Still Like the Hummingbird,1962,Henry Miller
Crossing the Unknown Sea: Work As a Pilgrimage of Identity,2002,David Whyte
The Future of Leadership: Today's Top Leadership Thinkers Speak to Tomorrow's Leaders,2001,Warren  Bennis
"Expecting Adam: A True Story of Birth, Rebirth, and Everyday Magic",2000,Martha Beck
No Future Without Forgiveness,2000,Desmond Mpilo Tutu
"A Call to Conscience : The Landmark Speeches of Dr. Martin Luther King, Jr.",2001,Kris Shepard
On the Road (Penguin 20th Century Classics),1998,Jack Kerouac
I And Thou,1971,Martin Buber
The Prince (Dover Thrift Editions),1992,Niccolò Machiavelli
"Sarajevo, maybe (Anni Novanta/Feltrinelli)",1994,Gianfranco Bettin
Becoming a Man : Half a Life Story,1993,Paul Monette
OLD MAN AND THE SEA,1995,Ernest Hemingway
Diary of a Teenage Girl - Becoming Me : Diary Number 1 (Diary of a Teenage Girl),2000,Melody Carlson
The Dominant Blonde,2002,Alisa Kwitney
Where the Heart Is (Oprah's Book Club (Paperback)),1998,Billie Letts
The Girls' Guide to Hunting and Fishing,2000,Melissa Bank
Rena's Promise: A Story of Sisters in Auschwitz,1996,Rena Kornreich Gelissen
America the Beautiful: A Novel,2001,Moon Unit Zappa
Easy Travel to Other Planets,1982,Ted Mooney
The Mist and the Magic (Harper Monogram),1993,Susan Wiggs
Icy Sparks,2001,Gwyn Hyman Rubio
The True and Outstanding Adventures of the Hunt Sisters: A Novel,2004,Elisabeth Robinson
The Time Traveler's Wife,2003,Audrey Niffenegger
Strange Fits of Passion: A Novel,1999,Anita Shreve
The Monk Downstairs: A Novel,2002,Tim Farrington
Lost in Place: Growing Up Absurd in Suburbia,1996,Mark Salzman
My Name Is Asher Lev,1996,Chaim Potok
Waking the Dead,2000,Scott Spencer
Davita's Harp,1990,Chaim Potok
The Book of Lights,1997,Chaim Potok
The Mimic Men,1992,V. S. Naipaul
The Mystic Masseur,1993,V.S. Naipaul
Regain,1987,Jean Giono
Le Grand Meaulnes (Classiques De Poche),2000,Alain Fournier
A l'Ouest rien de nouveau,1973,Erich Maria Remarque
Pourquoi j'ai mang�?© mon p�?¨re,2000,Lewis OhBoy
Ravage,0,Rene Barjavel
Voyage d'une parisienne �?  Lhassa,1989,Alexandra David-N�?©el
Les Fleurs Du Mal,1972,C. Baudelaire
Chroniques martiennes,2002,Ray Bradbury
Le Diable Au Corps,0,Raymond Radiguet
La Faute de l'abb�?© Mouret,1991,Emile Zola
L'Homme Qui Plantait Des Arbres,2002,Jean Giono
La Guerre Des Boutons,0,Pergaud Fuck
Paroles de Poilus : Lettres et carnets du front 1914-1918,2001,Collectif Whoa
Une porte sur l'�?©t�?©,1999,Robert A. Heinlein
Die Entdeckung der Langsamkeit.,1987,Sten Nadolny
Die Grenzen des Geschlechts: Anleitungen zum Sturz des internationalen Patriarchats : Amnesty for Women (Rororo Sachbuch),1984,Cheryl Benard
Frauen der Welt: Vom Fortschritt der Ungleichheit,1995,Christa Wichterich
I Ging. Das Buch der Wandlung. Das gro�?�?e Weisheits- und Orakelbuch der alten Chinesen.,1999,John. Blofeld
African Women: Their Struggle for Economic Independence,1980,Christine Obbo
Die globalisierte Frau: Berichte aus der Zukunft der Ungleichheit (Frauen aktuell),1998,Christa Wichterich
"Women are the Niggers of the World: über Frauen, Herrenmenschen und Nietzsches Peitsche (AtV Dokument und Essay)",1994,Peter B Heim
Sense and Sensibility (Penguin Popular Classics),1994,Jane Austen
Der gemietete Mann.,1999,Hera Lind
Der Gott der kleinen Dinge.,1999,Arundhati Roy
The Da Vinci Code,2003,Dan Brown
The Rescue,2000,Nicholas Sparks
A Map of the World,1999,Jane Hamilton
Edge of Danger,2001,Jack Higgins
Bridget Jones : The Edge of Reason,2000,Helen Fielding
Vinegar Hill (Oprah's Book Club (Hardcover)),1999,A. Manette Ansay
The Pilot's Wife : A Novel Tag: Author of the Weight of Water (Oprah's Book Club (Hardcover)),1999,Anita Shreve
Saving Private Ryan: A Novel,1998,Max Allan Collins
Big Trouble,2002,Dave Barry
Snow Falling on Cedars,1994,David Guterson
Skipping Christmas,2001,JOHN GRISHAM
The Reader,1997,Bernhard Schlink
Cheaters,1999,Eric Jerome Dickey
Angel Falls,2000,KRISTIN HANNAH
The Saving Graces : A Novel,1999,Patricia Gaffney
Daddy's Little Girl,2002,Mary Higgins Clark
The Vineyard : A Novel,2000,Barbara Delinsky
The Looking Glass : A Novel (The Locket Series),1999,Richard Paul Evans
If Only It Were True,2000,Marc Levy
"Dear Stranger, Dearest Friend",2000,Laney Katz Becker
The Cider House Rules: A Novel (Modern Library),1999,John Irving
Lolita (Everyman's Library (Cloth)),1993,VLADIMIR NABOKOV
Message in a Bottle,1998,Nicholas Sparks
Blackbird: A Childhood Lost and Found,2000,Jennifer Lauck
Protect and Defend,2000,Richard North Patterson
Blue Heaven (Contemporary American Fiction S.),1988,Joe Keenan
Julie and Romeo,2000,Jeanne Ray
The Guardian,2003,Nicholas Sparks
Nights in Rodanthe,2002,Nicholas Sparks
Man and Boy,2001,Tony Parsons
One Heart,1999,Jane McCafferty
"Like Water for Chocolate: A Novel in Monthly Installments, With Recipes, Romances, and Home Remedies",1992,Laura Esquivel
"The Two Towers (The Lord of the Rings, Part 2)",1986,J.R.R. TOLKIEN
All of Me: A Voluptuous Tale,2000,Venise T. Berry
The Perfect Storm: A True Story of Men Against the Sea,1997,Sebastian Junger
The Villa,2001,Nora Roberts
In This Mountain,2002,Jan Karon
"All the Pretty Horses (Border Trilogy, Vol 1)",1992,Cormac McCarthy
Suzanne's Diary for Nicholas,2001,James Patterson
He Sees You When You're Sleeping : A Novel,2001,Mary Higgins Clark
2nd Chance,2002,James Patterson
The Carousel : A Novel,2000,Richard Paul Evans
The Promise Remains,2000,Travis Thrasher
You Cannot Be Serious,2002,John McEnroe
LAKE NEWS : A Novel,1999,Barbara Delinsky
Liar's Game,2000,Eric Jerome Dickey
Out of the Blue,2000,Sally Mandel
Voice of the Eagle,1993,Linda Lay Shuler
The Kingdom by the Sea: A Journey Around Great Britain,1984,Paul Theroux
Shattered Uk,0,Dick Francis
The Proud and the Free,1995,Janet Dailey
Shoah,1985,Claude Lanzmann
"The Bad Beginning (A Series of Unfortunate Events, Book 1)",1999,Lemony Snicket
TERROR FIRMA,2001,Matthew Thomas
Le Loup-garou,1999,Boris Vian 